{"cameraMode":{"drawMode":0,"name":"Shaded","section":"Shading Mode"},"sceneLighting":true,"audioPlay":false,"sceneViewState":{"showFog":true,"showMaterialUpdate":false,"showSkybox":true,"showFlares":true,"showImageEffects":true,"showParticleSystems":true},"in2DMode":false,"pivot":{"x":7.826107978820801,"y":-3.660587787628174,"z":2.310020923614502},"rotation":{"x":0.20011787116527558,"y":0.6922210454940796,"z":-0.2095886915922165,"w":0.6609548330307007},"size":9.548099517822266,"orthographic":false}